drop database if exists gravadora;

create database gravadora;

use gravadora;


create table gravadora (
       codigo_gravadora     int         not null,
       nome_gravadora       varchar(60) not null,
       endereco_gravadora   varchar(60) null,
       telefone_gravadora   varchar(20) null,
       contato_gravadora    varchar(20) null,
       url_gravadora        varchar(80) null);


alter table gravadora
       add  ( constraint xpkgravadora primary key (codigo_gravadora) ) ;


create table cd (
       codigo_cd            int           not null,
       codigo_gravadora     int           not null,
       nome_cd              varchar(60)   not null,
       preco_venda_cd       numeric(14,2) null,
       data_lancamento_cd   date          null,
       cd_indicado          int           null);

create index xif6cd on cd
(
       codigo_gravadora
);


alter table cd
       add  ( constraint xpkcd primary key (codigo_cd) ) ;


create table musica (
       codigo_musica        int          not null,
       nome_musica          varchar(60)  not null,
       duracao_musica       time         null);


alter table musica
       add  ( constraint xpkmusica primary key (codigo_musica) ) ;


create table autor (
       codigo_autor         int         not null,
       nome_autor           varchar(60) not null);


alter table autor
       add  ( constraint xpkautor primary key (codigo_autor) ) ;


create table musica_autor (
       codigo_musica        int not null,
       codigo_autor         int not null);

create index xif11musica_autor on musica_autor
(
       codigo_musica
);

create index xif12musica_autor on musica_autor
(
       codigo_autor
);


alter table musica_autor
       add  ( constraint xpkmusica_autor primary key (codigo_musica, 
              codigo_autor) ) ;


create table faixa (
       codigo_musica        int not null,
       codigo_cd            int not null,
       numero_faixa         int not null);

create index xif13faixa on faixa
(
       codigo_musica
);

create index xif14faixa on faixa
(
       codigo_cd
);


alter table faixa
       add  ( constraint xpkfaixa primary key (codigo_musica, 
              codigo_cd) ) ;


create table cd_categoria(
       codigo_categoria   int           not null,
       menor_preco        numeric(14,2) not null,
       maior_preco        numeric(14,2) not null,
       codigo_cd          int           not null);


alter table cd_categoria
       add  ( constraint xpkcd_categoria primary key (codigo_categoria) ) ;


alter table cd
       add  ( constraint gravadora_cd
              foreign key (codigo_gravadora)
                             references gravadora (codigo_gravadora)) ;

alter table cd_categoria
       add  ( constraint cd_categoria_cd
              foreign key (codigo_cd)
                             references cd (codigo_cd)) ;

alter table musica_autor
       add  ( constraint autor_musica_autor
              foreign key (codigo_autor)
                             references autor (codigo_autor)) ;


alter table musica_autor
       add  ( constraint musica_musica_autor
              foreign key (codigo_musica)
                             references musica (codigo_musica)) ;


alter table faixa
       add  ( constraint cd_faixa
              foreign key (codigo_cd)
                             references cd (codigo_cd)) ;


alter table faixa
       add  ( constraint musica_faixa
              foreign key (codigo_musica)
                             references musica (codigo_musica)) ;


# TABELA DE AUTOR
INSERT INTO AUTOR (CODIGO_AUTOR, NOME_AUTOR)
 VALUES ( 1, 'Renato Russo' );
INSERT INTO AUTOR (CODIGO_AUTOR, NOME_AUTOR)
 VALUES ( 2, 'Tom Jobim' );
INSERT INTO AUTOR (CODIGO_AUTOR, NOME_AUTOR)
 VALUES ( 3, 'Chico Buarque' );
INSERT INTO AUTOR (CODIGO_AUTOR, NOME_AUTOR)
 VALUES ( 4, 'Dado Villa-Lobos' );
INSERT INTO AUTOR (CODIGO_AUTOR, NOME_AUTOR)
 VALUES ( 5, 'Marcelo Bonfá' );
INSERT INTO AUTOR (CODIGO_AUTOR, NOME_AUTOR)
 VALUES ( 6, 'Ico Ouro-Preto' );
INSERT INTO AUTOR (CODIGO_AUTOR, NOME_AUTOR)
 VALUES ( 7, 'Vinicius de Moraes' );
INSERT INTO AUTOR (CODIGO_AUTOR, NOME_AUTOR)
 VALUES ( 8, 'Baden Powell' );
INSERT INTO AUTOR (CODIGO_AUTOR, NOME_AUTOR)
 VALUES ( 9, 'Paulo Cesar Pinheiro' );
INSERT INTO AUTOR (CODIGO_AUTOR, NOME_AUTOR)
 VALUES ( 10, 'João Bosco' );
INSERT INTO AUTOR (CODIGO_AUTOR, NOME_AUTOR)
 VALUES ( 11, 'Aldir Blanc' );
INSERT INTO AUTOR (CODIGO_AUTOR, NOME_AUTOR)
 VALUES ( 12, 'Joyce' );
INSERT INTO AUTOR (CODIGO_AUTOR, NOME_AUTOR)
 VALUES ( 13, 'Ana Terra' );
INSERT INTO AUTOR (CODIGO_AUTOR, NOME_AUTOR)
 VALUES ( 14, 'Cartola' );
INSERT INTO AUTOR (CODIGO_AUTOR, NOME_AUTOR)
 VALUES ( 15, 'Cláudio Tolomei' );
INSERT INTO AUTOR (CODIGO_AUTOR, NOME_AUTOR)
 VALUES ( 16, 'João Nogueira' );
INSERT INTO AUTOR (CODIGO_AUTOR, NOME_AUTOR)
 VALUES ( 17, 'Suely Costa' );
INSERT INTO AUTOR (CODIGO_AUTOR, NOME_AUTOR)
 VALUES ( 18, 'Guinga' );
INSERT INTO AUTOR (CODIGO_AUTOR, NOME_AUTOR)
 VALUES ( 19, 'Danilo Caymmi' );
INSERT INTO AUTOR (CODIGO_AUTOR, NOME_AUTOR)
 VALUES ( 20, 'Tunai' );
INSERT INTO AUTOR (CODIGO_AUTOR, NOME_AUTOR)
 VALUES ( 21, 'Sérgio Natureza' );
INSERT INTO AUTOR (CODIGO_AUTOR, NOME_AUTOR)
 VALUES ( 22, 'Heitor Villa Lobos' );
INSERT INTO AUTOR (CODIGO_AUTOR, NOME_AUTOR)
 VALUES ( 23, 'Ferreira Gullar' );
INSERT INTO AUTOR (CODIGO_AUTOR, NOME_AUTOR)
 VALUES ( 24, 'Catulo da Paixão Cearense' );
INSERT INTO AUTOR (CODIGO_AUTOR, NOME_AUTOR)
 VALUES ( 25, 'Zezé di Camargo' );
INSERT INTO AUTOR (CODIGO_AUTOR, NOME_AUTOR)
 VALUES ( 26, 'Niltinho Edilberto' );
INSERT INTO AUTOR (CODIGO_AUTOR, NOME_AUTOR)
 VALUES ( 27, 'Marisa Monte' );
INSERT INTO AUTOR (CODIGO_AUTOR, NOME_AUTOR)
 VALUES ( 28, 'Carlinhos Brown' );
INSERT INTO AUTOR (CODIGO_AUTOR, NOME_AUTOR)
 VALUES ( 29, 'Gonzaga Jr' );
INSERT INTO AUTOR (CODIGO_AUTOR, NOME_AUTOR)
 VALUES ( 30, 'Roberto Mendes' );
INSERT INTO AUTOR (CODIGO_AUTOR, NOME_AUTOR)
 VALUES ( 31, 'Ana Basbaum' );
INSERT INTO AUTOR (CODIGO_AUTOR, NOME_AUTOR)
 VALUES ( 32, 'Caetano Veloso' );
INSERT INTO AUTOR (CODIGO_AUTOR, NOME_AUTOR)
 VALUES ( 33, 'José Miguel Wisnik' );
INSERT INTO AUTOR (CODIGO_AUTOR, NOME_AUTOR)
 VALUES ( 34, 'Vevé Calazans' );
INSERT INTO AUTOR (CODIGO_AUTOR, NOME_AUTOR)
 VALUES ( 35, 'Gerônimo' );
INSERT INTO AUTOR (CODIGO_AUTOR, NOME_AUTOR)
 VALUES ( 36, 'Sérgio Natureza' );
INSERT INTO AUTOR (CODIGO_AUTOR, NOME_AUTOR)
 VALUES ( 37, 'Roberto Carlos' );
INSERT INTO AUTOR (CODIGO_AUTOR, NOME_AUTOR)
 VALUES ( 38, 'Erasmo Carlos' );
INSERT INTO AUTOR (CODIGO_AUTOR, NOME_AUTOR)
 VALUES ( 39, 'Renato Teixeira' );
INSERT INTO AUTOR (CODIGO_AUTOR, NOME_AUTOR)
 VALUES ( 40, 'Chico César' );
INSERT INTO AUTOR (CODIGO_AUTOR, NOME_AUTOR)
 VALUES ( 41, 'Vanessa da Mata' );
INSERT INTO AUTOR (CODIGO_AUTOR, NOME_AUTOR)
 VALUES ( 42, 'Jorge Portugal' );
INSERT INTO AUTOR (CODIGO_AUTOR, NOME_AUTOR)
 VALUES ( 43, 'Lilian Knapp' );
INSERT INTO AUTOR (CODIGO_AUTOR, NOME_AUTOR)
 VALUES ( 44, 'Renato Barros' );
INSERT INTO AUTOR (CODIGO_AUTOR, NOME_AUTOR)
 VALUES ( 45, 'Bebel Gilberto' );
INSERT INTO AUTOR (CODIGO_AUTOR, NOME_AUTOR)
 VALUES ( 46, 'Cazuza' );
INSERT INTO AUTOR (CODIGO_AUTOR, NOME_AUTOR)
 VALUES ( 47, 'Dé' );
INSERT INTO AUTOR (CODIGO_AUTOR, NOME_AUTOR)
 VALUES ( 48, 'Adriana Calcanhoto' );
INSERT INTO AUTOR (CODIGO_AUTOR, NOME_AUTOR)
 VALUES ( 49, 'Antonio Cícero' );
INSERT INTO AUTOR (CODIGO_AUTOR, NOME_AUTOR)
 VALUES ( 50, 'Paulo Machado' );
INSERT INTO AUTOR (CODIGO_AUTOR, NOME_AUTOR)
 VALUES ( 51, 'Dorival Caymmi' );
INSERT INTO AUTOR (CODIGO_AUTOR, NOME_AUTOR)
 VALUES ( 52, 'João Donato' );
INSERT INTO AUTOR (CODIGO_AUTOR, NOME_AUTOR)
 VALUES ( 53, 'Ronaldo Bastos' );
INSERT INTO AUTOR (CODIGO_AUTOR, NOME_AUTOR)
 VALUES ( 54, 'Barry Manilow' );
INSERT INTO AUTOR (CODIGO_AUTOR, NOME_AUTOR)
 VALUES ( 55, 'Richard Kerr' );
INSERT INTO AUTOR (CODIGO_AUTOR, NOME_AUTOR)
 VALUES ( 56, 'Chris Arnold' );
INSERT INTO AUTOR (CODIGO_AUTOR, NOME_AUTOR)
 VALUES ( 57, 'David Pomeranz' );
INSERT INTO AUTOR (CODIGO_AUTOR, NOME_AUTOR)
 VALUES ( 58, 'George Michael' );
INSERT INTO AUTOR (CODIGO_AUTOR, NOME_AUTOR)
 VALUES ( 59, 'S. Wonder' );
INSERT INTO AUTOR (CODIGO_AUTOR, NOME_AUTOR)
 VALUES ( 60, 'Elton John' );
INSERT INTO AUTOR (CODIGO_AUTOR, NOME_AUTOR)
 VALUES ( 61, 'Arnaldo Antunes' );


# TABELA DE MÚSICA
INSERT INTO MUSICA (CODIGO_MUSICA, NOME_MUSICA, DURACAO_MUSICA )
 VALUES ( 1, 'Será','00:02:28' );
INSERT INTO MUSICA (CODIGO_MUSICA, NOME_MUSICA, DURACAO_MUSICA )
 VALUES ( 2, 'Ainda é Cedo', '00:3:55' );
INSERT INTO MUSICA (CODIGO_MUSICA, NOME_MUSICA, DURACAO_MUSICA )
 VALUES ( 3, 'Geração Coca-Cola', '00:02:20' );
INSERT INTO MUSICA (CODIGO_MUSICA, NOME_MUSICA, DURACAO_MUSICA )
 VALUES ( 4, 'Eduardo e Monica', '00:04:32' );
INSERT INTO MUSICA (CODIGO_MUSICA, NOME_MUSICA, DURACAO_MUSICA )
 VALUES ( 5, 'Tempo Perdido', '00:05:00' );
INSERT INTO MUSICA (CODIGO_MUSICA, NOME_MUSICA, DURACAO_MUSICA )
 VALUES ( 6, 'Índios', '00:04:23' );
INSERT INTO MUSICA (CODIGO_MUSICA, NOME_MUSICA, DURACAO_MUSICA )
 VALUES ( 7, 'Que País é Este', '00:02:59' );
INSERT INTO MUSICA (CODIGO_MUSICA, NOME_MUSICA, DURACAO_MUSICA )
 VALUES ( 8, 'Faroeste Caboclo', '00:09:03' );
INSERT INTO MUSICA (CODIGO_MUSICA, NOME_MUSICA, DURACAO_MUSICA )
 VALUES ( 9, 'Há Tempos', '00:03:16' );
INSERT INTO MUSICA (CODIGO_MUSICA, NOME_MUSICA, DURACAO_MUSICA )
 VALUES ( 10, 'Pais e Filhos', '00:05:06' );
INSERT INTO MUSICA (CODIGO_MUSICA, NOME_MUSICA, DURACAO_MUSICA )
 VALUES ( 11, 'Meninos e Meninas', '00:03:22' );
INSERT INTO MUSICA (CODIGO_MUSICA, NOME_MUSICA, DURACAO_MUSICA )
 VALUES ( 12, 'Vento no Litoral', '00:06:05' );
INSERT INTO MUSICA (CODIGO_MUSICA, NOME_MUSICA, DURACAO_MUSICA )
 VALUES ( 13, 'Perfeição', '00:04:35' );
INSERT INTO MUSICA (CODIGO_MUSICA, NOME_MUSICA, DURACAO_MUSICA )
 VALUES ( 14, 'Giz', '00:03:20' );
INSERT INTO MUSICA (CODIGO_MUSICA, NOME_MUSICA, DURACAO_MUSICA )
 VALUES ( 15, 'Dezesseis', '00:05:28' );
INSERT INTO MUSICA (CODIGO_MUSICA, NOME_MUSICA, DURACAO_MUSICA )
 VALUES ( 16, 'Antes das Seis', '00:03:09' );
INSERT INTO MUSICA (CODIGO_MUSICA, NOME_MUSICA, DURACAO_MUSICA )
 VALUES ( 17, 'Meninos, Eu Vi', '00:03:25' );
INSERT INTO MUSICA (CODIGO_MUSICA, NOME_MUSICA, DURACAO_MUSICA )
 VALUES ( 18, 'Eu Te Amo', '00:03:06' );
INSERT INTO MUSICA (CODIGO_MUSICA, NOME_MUSICA, DURACAO_MUSICA )
 VALUES ( 19, 'Piano na Mangueira', '00:02:23' );
INSERT INTO MUSICA (CODIGO_MUSICA, NOME_MUSICA, DURACAO_MUSICA )
 VALUES ( 20, 'A Violeira', '00:02:54' );
INSERT INTO MUSICA (CODIGO_MUSICA, NOME_MUSICA, DURACAO_MUSICA )
 VALUES ( 21, 'Anos Dourados', '00:02:56' );
INSERT INTO MUSICA (CODIGO_MUSICA, NOME_MUSICA, DURACAO_MUSICA )
 VALUES ( 22, 'Olha, Maria', '00:03:55' );
INSERT INTO MUSICA (CODIGO_MUSICA, NOME_MUSICA, DURACAO_MUSICA )
 VALUES ( 23, 'Biscate', '00:03:20' );
INSERT INTO MUSICA (CODIGO_MUSICA, NOME_MUSICA, DURACAO_MUSICA )
 VALUES ( 24, 'Retrato em Preto e Branco', '00:03:03' );
INSERT INTO MUSICA (CODIGO_MUSICA, NOME_MUSICA, DURACAO_MUSICA )
 VALUES ( 25, 'Falando de Amor', '00:03:20' );
INSERT INTO MUSICA (CODIGO_MUSICA, NOME_MUSICA, DURACAO_MUSICA )
 VALUES ( 26, 'Pois É', '00:02:48' );
INSERT INTO MUSICA (CODIGO_MUSICA, NOME_MUSICA, DURACAO_MUSICA )
 VALUES ( 27, 'Noite dos Mascarados', '00:02:42' );
INSERT INTO MUSICA (CODIGO_MUSICA, NOME_MUSICA, DURACAO_MUSICA )
 VALUES ( 28, 'Sabiá', '00:03:20' );
INSERT INTO MUSICA (CODIGO_MUSICA, NOME_MUSICA, DURACAO_MUSICA )
 VALUES ( 29, 'Imagina', '00:02:52' );
INSERT INTO MUSICA (CODIGO_MUSICA, NOME_MUSICA, DURACAO_MUSICA )
 VALUES ( 30, 'Bate-Boca', '00:04:41' );
INSERT INTO MUSICA (CODIGO_MUSICA, NOME_MUSICA, DURACAO_MUSICA )
 VALUES ( 31, 'Cai Dentro', '00:02:41' );
INSERT INTO MUSICA (CODIGO_MUSICA, NOME_MUSICA, DURACAO_MUSICA )
 VALUES ( 32, 'O Bêbado e o Equilibrista', '00:03:47' );
INSERT INTO MUSICA (CODIGO_MUSICA, NOME_MUSICA, DURACAO_MUSICA )
 VALUES ( 33, 'Essa Mulher', '00:03:47' );
INSERT INTO MUSICA (CODIGO_MUSICA, NOME_MUSICA, DURACAO_MUSICA )
 VALUES ( 34, 'Basta de Clamares Inocência', '00:03:38' );
INSERT INTO MUSICA (CODIGO_MUSICA, NOME_MUSICA, DURACAO_MUSICA )
 VALUES ( 35, 'Beguine Dodói', '00:02:14' );
INSERT INTO MUSICA (CODIGO_MUSICA, NOME_MUSICA, DURACAO_MUSICA )
 VALUES ( 36, 'Eu hein Rosa', '00:03:36' );
INSERT INTO MUSICA (CODIGO_MUSICA, NOME_MUSICA, DURACAO_MUSICA )
 VALUES ( 37, 'Altos e Baixos', '00:03:29' );
INSERT INTO MUSICA (CODIGO_MUSICA, NOME_MUSICA, DURACAO_MUSICA )
 VALUES ( 38, 'Bolero de Satã', '00:03:32' );
INSERT INTO MUSICA (CODIGO_MUSICA, NOME_MUSICA, DURACAO_MUSICA )
 VALUES ( 39, 'Pé Sem Cabeça', '00:02:57' );
INSERT INTO MUSICA (CODIGO_MUSICA, NOME_MUSICA, DURACAO_MUSICA )
 VALUES ( 40, 'As Aparências Enganam', '00:04:18' );
INSERT INTO MUSICA (CODIGO_MUSICA, NOME_MUSICA, DURACAO_MUSICA )
 VALUES ( 41, 'É o Amor', '00:04:19' );
INSERT INTO MUSICA (CODIGO_MUSICA, NOME_MUSICA, DURACAO_MUSICA )
 VALUES ( 42, 'Trenzinho Caipira', '00:03:32' );
INSERT INTO MUSICA (CODIGO_MUSICA, NOME_MUSICA, DURACAO_MUSICA )
 VALUES ( 43, 'Luar do Sertão', '00:03:23' );
INSERT INTO MUSICA (CODIGO_MUSICA, NOME_MUSICA, DURACAO_MUSICA )
 VALUES ( 44, 'Não tenha Medo', '00:03:27' );
INSERT INTO MUSICA (CODIGO_MUSICA, NOME_MUSICA, DURACAO_MUSICA )
 VALUES ( 45, 'Eu queria que você viesse', '00:02:57' );
INSERT INTO MUSICA (CODIGO_MUSICA, NOME_MUSICA, DURACAO_MUSICA )
 VALUES ( 46, 'Espere por mim Morena', '00:03:04' );
INSERT INTO MUSICA (CODIGO_MUSICA, NOME_MUSICA, DURACAO_MUSICA )
 VALUES ( 47, 'Resto de mim', '00:02:59' );
INSERT INTO MUSICA (CODIGO_MUSICA, NOME_MUSICA, DURACAO_MUSICA )
 VALUES ( 48, 'Gema', '00:02:51' );
INSERT INTO MUSICA (CODIGO_MUSICA, NOME_MUSICA, DURACAO_MUSICA )
 VALUES ( 49, 'Cacilda', '00:02:22' );
INSERT INTO MUSICA (CODIGO_MUSICA, NOME_MUSICA, DURACAO_MUSICA )
 VALUES ( 50, 'Agradecer e abraçar', '00:03:30' );
INSERT INTO MUSICA (CODIGO_MUSICA, NOME_MUSICA, DURACAO_MUSICA )
 VALUES ( 51, 'As flores do jardim da nossa casa', '00:03:26' );
INSERT INTO MUSICA (CODIGO_MUSICA, NOME_MUSICA, DURACAO_MUSICA )
 VALUES ( 52, 'Romaria', '00:03:16' );
INSERT INTO MUSICA (CODIGO_MUSICA, NOME_MUSICA, DURACAO_MUSICA )
 VALUES ( 53, 'A força que nunca seca', '00:02:17' );
INSERT INTO MUSICA (CODIGO_MUSICA, NOME_MUSICA, DURACAO_MUSICA )
 VALUES ( 54, 'Vila do Adeus', '00:03:06' );
INSERT INTO MUSICA (CODIGO_MUSICA, NOME_MUSICA, DURACAO_MUSICA )
 VALUES ( 55, 'Devolva-me', '00:03:58' );
INSERT INTO MUSICA (CODIGO_MUSICA, NOME_MUSICA, DURACAO_MUSICA )
 VALUES ( 56, 'Mais Feliz', '00:02:50' );
INSERT INTO MUSICA (CODIGO_MUSICA, NOME_MUSICA, DURACAO_MUSICA )
 VALUES ( 57, 'Inverno', '00:04:40' );
INSERT INTO MUSICA (CODIGO_MUSICA, NOME_MUSICA, DURACAO_MUSICA )
 VALUES ( 58, 'Mentiras', '00:02:58' );
INSERT INTO MUSICA (CODIGO_MUSICA, NOME_MUSICA, DURACAO_MUSICA )
 VALUES ( 59, 'Esquadros', '00:03:10' );
INSERT INTO MUSICA (CODIGO_MUSICA, NOME_MUSICA, DURACAO_MUSICA )
 VALUES ( 60, 'Cariocas', '00:03:14' );
INSERT INTO MUSICA (CODIGO_MUSICA, NOME_MUSICA, DURACAO_MUSICA )
 VALUES ( 61, 'Vambora', '00:04:16' );
INSERT INTO MUSICA (CODIGO_MUSICA, NOME_MUSICA, DURACAO_MUSICA )
 VALUES ( 62, 'Por isso eu Corro Demais', '00:02:58' );
INSERT INTO MUSICA (CODIGO_MUSICA, NOME_MUSICA, DURACAO_MUSICA )
 VALUES ( 63, 'Maresia', '00:04:09' );
INSERT INTO MUSICA (CODIGO_MUSICA, NOME_MUSICA, DURACAO_MUSICA )
 VALUES ( 64, 'Metade', '00:03:25' );
INSERT INTO MUSICA (CODIGO_MUSICA, NOME_MUSICA, DURACAO_MUSICA )
 VALUES ( 65, 'Senhas', '00:03:37' );
INSERT INTO MUSICA (CODIGO_MUSICA, NOME_MUSICA, DURACAO_MUSICA )
 VALUES ( 66, 'Marina', '00:02:55' );
INSERT INTO MUSICA (CODIGO_MUSICA, NOME_MUSICA, DURACAO_MUSICA )
 VALUES ( 67, 'Naquela Estação', '00:04:46' );
INSERT INTO MUSICA (CODIGO_MUSICA, NOME_MUSICA, DURACAO_MUSICA )
 VALUES ( 68, 'Mandy', '00:03:18' );
INSERT INTO MUSICA (CODIGO_MUSICA, NOME_MUSICA, DURACAO_MUSICA )
 VALUES ( 69, 'New York City Rhythm', '00:04:41' );
INSERT INTO MUSICA (CODIGO_MUSICA, NOME_MUSICA, DURACAO_MUSICA )
 VALUES ( 70, 'Looks Like We Made It', '00:03:32' );
INSERT INTO MUSICA (CODIGO_MUSICA, NOME_MUSICA, DURACAO_MUSICA )
 VALUES ( 71, 'Daybreak', '00:03:05' );
INSERT INTO MUSICA (CODIGO_MUSICA, NOME_MUSICA, DURACAO_MUSICA )
 VALUES ( 72, 'Can''t Smile Without you', '00:03:13' );
INSERT INTO MUSICA (CODIGO_MUSICA, NOME_MUSICA, DURACAO_MUSICA )
 VALUES ( 73, 'It''s a Miracle', '00:03:53' );
INSERT INTO MUSICA (CODIGO_MUSICA, NOME_MUSICA, DURACAO_MUSICA )
 VALUES ( 74, 'Even Now', '00:03:29' );
INSERT INTO MUSICA (CODIGO_MUSICA, NOME_MUSICA, DURACAO_MUSICA )
 VALUES ( 75, 'Bandstand Boogie', '00:02:50' );
INSERT INTO MUSICA (CODIGO_MUSICA, NOME_MUSICA, DURACAO_MUSICA )
 VALUES ( 76, 'Trying to get the feeling again', '00:03:50' );
INSERT INTO MUSICA (CODIGO_MUSICA, NOME_MUSICA, DURACAO_MUSICA )
 VALUES ( 77, 'Some Kind of Friend', '00:04:02' );
INSERT INTO MUSICA (CODIGO_MUSICA, NOME_MUSICA, DURACAO_MUSICA )
 VALUES ( 78, 'Praying for Time', '00:03:52' );
INSERT INTO MUSICA (CODIGO_MUSICA, NOME_MUSICA, DURACAO_MUSICA )
 VALUES ( 79, 'Freedom 90', '00:03:52' );
INSERT INTO MUSICA (CODIGO_MUSICA, NOME_MUSICA, DURACAO_MUSICA )
 VALUES ( 80, 'They Won''t Go When I Go', '00:03:22' );
INSERT INTO MUSICA (CODIGO_MUSICA, NOME_MUSICA, DURACAO_MUSICA )
 VALUES ( 81, 'Something to Save', '00:04:10' );
INSERT INTO MUSICA (CODIGO_MUSICA, NOME_MUSICA, DURACAO_MUSICA )
 VALUES ( 82, 'Cowboys and Angels', '00:04:12' );
INSERT INTO MUSICA (CODIGO_MUSICA, NOME_MUSICA, DURACAO_MUSICA )
 VALUES ( 83, 'Don''t Let the Sun Go Down on Me', '00:03:45' );
INSERT INTO MUSICA (CODIGO_MUSICA, NOME_MUSICA, DURACAO_MUSICA )
 VALUES ( 84, 'Waiting for That Day', '00:02:58' );
INSERT INTO MUSICA (CODIGO_MUSICA, NOME_MUSICA, DURACAO_MUSICA )
 VALUES ( 85, 'Mothers Pride', '00:02:12' );
INSERT INTO MUSICA (CODIGO_MUSICA, NOME_MUSICA, DURACAO_MUSICA )
 VALUES ( 86, 'Heal the Pain', '00:03:02' );
INSERT INTO MUSICA (CODIGO_MUSICA, NOME_MUSICA, DURACAO_MUSICA )
 VALUES ( 87, 'Soul Free', '00:02:42' );
INSERT INTO MUSICA (CODIGO_MUSICA, NOME_MUSICA, DURACAO_MUSICA )
 VALUES ( 88, 'Waiting', '00:03:32' );


# TABELA GRAVADORA
INSERT INTO GRAVADORA (CODIGO_GRAVADORA, NOME_GRAVADORA, ENDERECO_GRAVADORA, URL_GRAVADORA, CONTATO_GRAVADORA )
 VALUES ( 1, 'EMI', 'Rod. Pres. Dutra, s/n – km 229,8', 'www.emi-music.com.br', 'JOÃO' );
INSERT INTO GRAVADORA (CODIGO_GRAVADORA, NOME_GRAVADORA, ENDERECO_GRAVADORA, URL_GRAVADORA, CONTATO_GRAVADORA )
 VALUES ( 2, 'BMG', 'Av. Piramboia, 2898 - Parte 7', 'www.bmg.com.br', 'MARIA' );
INSERT INTO GRAVADORA (CODIGO_GRAVADORA, NOME_GRAVADORA, ENDERECO_GRAVADORA, URL_GRAVADORA, CONTATO_GRAVADORA )
 VALUES ( 3, 'SOM LIVRE', NULL, 'www.somlivre.com.br', 'MARTA' );
INSERT INTO GRAVADORA (CODIGO_GRAVADORA, NOME_GRAVADORA, ENDERECO_GRAVADORA, URL_GRAVADORA, CONTATO_GRAVADORA )
 VALUES ( 4, 'EPIC', NULL, 'www.epic.com.br', 'PAULO' );

# TABELA CD
INSERT INTO CD (CODIGO_CD, CODIGO_GRAVADORA, NOME_CD, PRECO_VENDA_CD, DATA_LANCAMENTO_CD )
 VALUES ( 1, 1, 'Mais do Mesmo', 15.00, '1998/10/01' );
INSERT INTO CD (CODIGO_CD, CODIGO_GRAVADORA, NOME_CD, PRECO_VENDA_CD, DATA_LANCAMENTO_CD )
 VALUES ( 2, 2, 'Bate-Boca', 12.00, '1999/07/01' );
INSERT INTO CD (CODIGO_CD, CODIGO_GRAVADORA, NOME_CD, PRECO_VENDA_CD, DATA_LANCAMENTO_CD )
 VALUES ( 3, 3, 'Elis Regina - Essa Mulher', 13.00, '1989/05/01' );
INSERT INTO CD (CODIGO_CD, CODIGO_GRAVADORA, NOME_CD, PRECO_VENDA_CD, DATA_LANCAMENTO_CD )
 VALUES ( 4, 2, 'A Força que nunca Seca', 13.50, '1998/12/01' );
INSERT INTO CD (CODIGO_CD, CODIGO_GRAVADORA, NOME_CD, PRECO_VENDA_CD, DATA_LANCAMENTO_CD )
 VALUES ( 5, 3, 'Perfil', 10.50, '2001/05/01' );
INSERT INTO CD (CODIGO_CD, CODIGO_GRAVADORA, NOME_CD, PRECO_VENDA_CD, DATA_LANCAMENTO_CD )
 VALUES ( 6, 2, 'Barry Manilow Greatest Hits Vol I', 9.50, '1991/11/01' );
INSERT INTO CD (CODIGO_CD, CODIGO_GRAVADORA, NOME_CD, PRECO_VENDA_CD, DATA_LANCAMENTO_CD )
 VALUES ( 7, 2, 'Listen Without Prejudice', 9.00, '1991/10/01' );
UPDATE CD
   SET CD_INDICADO = 5
 WHERE CODIGO_CD = 1;
UPDATE CD
   SET CD_INDICADO = 3
 WHERE CODIGO_CD = 2;
UPDATE CD
   SET CD_INDICADO = 1
 WHERE CODIGO_CD = 3;
UPDATE CD
   SET CD_INDICADO = 2
 WHERE CODIGO_CD = 5;
UPDATE CD
   SET CD_INDICADO = 7
 WHERE CODIGO_CD = 6;
UPDATE CD
   SET CD_INDICADO = 1
 WHERE CODIGO_CD = 4;

# TABELA ITEMCD
INSERT INTO FAIXA (CODIGO_CD, NUMERO_FAIXA, CODIGO_MUSICA )
 VALUES ( 1, 1, 1 );
INSERT INTO FAIXA (CODIGO_CD, NUMERO_FAIXA, CODIGO_MUSICA )
 VALUES ( 1, 2, 2 );
INSERT INTO FAIXA (CODIGO_CD, NUMERO_FAIXA, CODIGO_MUSICA )
 VALUES ( 1, 3, 3 );
INSERT INTO FAIXA (CODIGO_CD, NUMERO_FAIXA, CODIGO_MUSICA )
 VALUES ( 1, 4, 4 );
INSERT INTO FAIXA (CODIGO_CD, NUMERO_FAIXA, CODIGO_MUSICA )
 VALUES ( 1, 5, 5 );
INSERT INTO FAIXA (CODIGO_CD, NUMERO_FAIXA, CODIGO_MUSICA )
 VALUES ( 1, 6, 6 );
INSERT INTO FAIXA (CODIGO_CD, NUMERO_FAIXA, CODIGO_MUSICA )
 VALUES ( 1, 7, 7 );
INSERT INTO FAIXA (CODIGO_CD, NUMERO_FAIXA, CODIGO_MUSICA )
 VALUES ( 1, 8, 8 );
INSERT INTO FAIXA (CODIGO_CD, NUMERO_FAIXA, CODIGO_MUSICA )
 VALUES ( 1, 9, 9 );
INSERT INTO FAIXA (CODIGO_CD, NUMERO_FAIXA, CODIGO_MUSICA )
 VALUES ( 1, 10, 10 );
INSERT INTO FAIXA (CODIGO_CD, NUMERO_FAIXA, CODIGO_MUSICA )
 VALUES ( 1, 11, 11 );
INSERT INTO FAIXA (CODIGO_CD, NUMERO_FAIXA, CODIGO_MUSICA )
 VALUES ( 1, 12, 12 );
INSERT INTO FAIXA (CODIGO_CD, NUMERO_FAIXA, CODIGO_MUSICA )
 VALUES ( 1, 13, 13 );
INSERT INTO FAIXA (CODIGO_CD, NUMERO_FAIXA, CODIGO_MUSICA )
 VALUES ( 1, 14, 14 );
INSERT INTO FAIXA (CODIGO_CD, NUMERO_FAIXA, CODIGO_MUSICA )
 VALUES ( 1, 15, 15 );
INSERT INTO FAIXA (CODIGO_CD, NUMERO_FAIXA, CODIGO_MUSICA )
 VALUES ( 1, 16, 16 );
# BATE-BOCA
INSERT INTO FAIXA (CODIGO_CD, NUMERO_FAIXA, CODIGO_MUSICA )
 VALUES ( 2, 1, 17 );
INSERT INTO FAIXA (CODIGO_CD, NUMERO_FAIXA, CODIGO_MUSICA )
 VALUES ( 2, 2, 18 );
INSERT INTO FAIXA (CODIGO_CD, NUMERO_FAIXA, CODIGO_MUSICA )
 VALUES ( 2, 3, 19 );
INSERT INTO FAIXA (CODIGO_CD, NUMERO_FAIXA, CODIGO_MUSICA )
 VALUES ( 2, 4, 20 );
INSERT INTO FAIXA (CODIGO_CD, NUMERO_FAIXA, CODIGO_MUSICA )
 VALUES ( 2, 5, 21 );
INSERT INTO FAIXA (CODIGO_CD, NUMERO_FAIXA, CODIGO_MUSICA )
 VALUES ( 2, 6, 22 );
INSERT INTO FAIXA (CODIGO_CD, NUMERO_FAIXA, CODIGO_MUSICA )
 VALUES ( 2, 7, 23 );
INSERT INTO FAIXA (CODIGO_CD, NUMERO_FAIXA, CODIGO_MUSICA )
 VALUES ( 2, 8 ,24 );
INSERT INTO FAIXA (CODIGO_CD, NUMERO_FAIXA, CODIGO_MUSICA )
 VALUES ( 2, 9, 25 );
INSERT INTO FAIXA (CODIGO_CD, NUMERO_FAIXA, CODIGO_MUSICA )
 VALUES ( 2, 10, 26 );
INSERT INTO FAIXA (CODIGO_CD, NUMERO_FAIXA, CODIGO_MUSICA )
 VALUES ( 2, 11, 27 );
INSERT INTO FAIXA (CODIGO_CD, NUMERO_FAIXA, CODIGO_MUSICA )
 VALUES ( 2, 12, 28 );
INSERT INTO FAIXA (CODIGO_CD, NUMERO_FAIXA, CODIGO_MUSICA )
 VALUES ( 2, 13, 29 );
INSERT INTO FAIXA (CODIGO_CD, NUMERO_FAIXA, CODIGO_MUSICA )
 VALUES ( 2, 14, 30 );
# ESSA MULHER
INSERT INTO FAIXA (CODIGO_CD, NUMERO_FAIXA, CODIGO_MUSICA )
 VALUES ( 3, 1, 31 );
INSERT INTO FAIXA (CODIGO_CD, NUMERO_FAIXA, CODIGO_MUSICA )
 VALUES ( 3, 2, 32 );
INSERT INTO FAIXA (CODIGO_CD, NUMERO_FAIXA, CODIGO_MUSICA )
 VALUES ( 3, 3, 33 );
INSERT INTO FAIXA (CODIGO_CD, NUMERO_FAIXA, CODIGO_MUSICA )
 VALUES ( 3, 4, 34 );
INSERT INTO FAIXA (CODIGO_CD, NUMERO_FAIXA, CODIGO_MUSICA )
 VALUES ( 3, 5, 35 );
INSERT INTO FAIXA (CODIGO_CD, NUMERO_FAIXA, CODIGO_MUSICA )
 VALUES ( 3, 6, 36 );
INSERT INTO FAIXA (CODIGO_CD, NUMERO_FAIXA, CODIGO_MUSICA )
 VALUES ( 3, 7, 37 );
INSERT INTO FAIXA (CODIGO_CD, NUMERO_FAIXA, CODIGO_MUSICA )
 VALUES ( 3, 8 ,38 );
INSERT INTO FAIXA (CODIGO_CD, NUMERO_FAIXA, CODIGO_MUSICA )
 VALUES ( 3, 9, 39 );
INSERT INTO FAIXA (CODIGO_CD, NUMERO_FAIXA, CODIGO_MUSICA )
 VALUES ( 3, 10, 40 );
# FORÇA QUE NUNCA SECA
INSERT INTO FAIXA (CODIGO_CD, NUMERO_FAIXA, CODIGO_MUSICA )
 VALUES ( 4, 1, 41 );
INSERT INTO FAIXA (CODIGO_CD, NUMERO_FAIXA, CODIGO_MUSICA )
 VALUES ( 4, 2, 42 );
INSERT INTO FAIXA (CODIGO_CD, NUMERO_FAIXA, CODIGO_MUSICA )
 VALUES ( 4, 3, 43 );
INSERT INTO FAIXA (CODIGO_CD, NUMERO_FAIXA, CODIGO_MUSICA )
 VALUES ( 4, 4, 44 );
INSERT INTO FAIXA (CODIGO_CD, NUMERO_FAIXA, CODIGO_MUSICA )
 VALUES ( 4, 5, 45 );
INSERT INTO FAIXA (CODIGO_CD, NUMERO_FAIXA, CODIGO_MUSICA )
 VALUES ( 4, 6, 46 );
INSERT INTO FAIXA (CODIGO_CD, NUMERO_FAIXA, CODIGO_MUSICA )
 VALUES ( 4, 7, 47 );
INSERT INTO FAIXA (CODIGO_CD, NUMERO_FAIXA, CODIGO_MUSICA )
 VALUES ( 4, 8 ,48 );
INSERT INTO FAIXA (CODIGO_CD, NUMERO_FAIXA, CODIGO_MUSICA )
 VALUES ( 4, 9, 49 );
INSERT INTO FAIXA (CODIGO_CD, NUMERO_FAIXA, CODIGO_MUSICA )
 VALUES ( 4, 10, 50 );
INSERT INTO FAIXA (CODIGO_CD, NUMERO_FAIXA, CODIGO_MUSICA )
 VALUES ( 4, 11, 51 );
INSERT INTO FAIXA (CODIGO_CD, NUMERO_FAIXA, CODIGO_MUSICA )
 VALUES ( 4, 12, 52 );
INSERT INTO FAIXA (CODIGO_CD, NUMERO_FAIXA, CODIGO_MUSICA )
 VALUES ( 4, 13, 53 );
INSERT INTO FAIXA (CODIGO_CD, NUMERO_FAIXA, CODIGO_MUSICA )
 VALUES ( 4, 14, 54 );
# DEVOLVA-ME
INSERT INTO FAIXA (CODIGO_CD, NUMERO_FAIXA, CODIGO_MUSICA )
 VALUES ( 5, 1, 55 );
INSERT INTO FAIXA (CODIGO_CD, NUMERO_FAIXA, CODIGO_MUSICA )
 VALUES ( 5, 2, 56 );
INSERT INTO FAIXA (CODIGO_CD, NUMERO_FAIXA, CODIGO_MUSICA )
 VALUES ( 5, 3, 57 );
INSERT INTO FAIXA (CODIGO_CD, NUMERO_FAIXA, CODIGO_MUSICA )
 VALUES ( 5, 4, 58 );
INSERT INTO FAIXA (CODIGO_CD, NUMERO_FAIXA, CODIGO_MUSICA )
 VALUES ( 5, 5, 59 );
INSERT INTO FAIXA (CODIGO_CD, NUMERO_FAIXA, CODIGO_MUSICA )
 VALUES ( 5, 6, 60 );
INSERT INTO FAIXA (CODIGO_CD, NUMERO_FAIXA, CODIGO_MUSICA )
 VALUES ( 5, 7, 61 );
INSERT INTO FAIXA (CODIGO_CD, NUMERO_FAIXA, CODIGO_MUSICA )
 VALUES ( 5, 8 ,62 );
INSERT INTO FAIXA (CODIGO_CD, NUMERO_FAIXA, CODIGO_MUSICA )
 VALUES ( 5, 9, 63 );
INSERT INTO FAIXA (CODIGO_CD, NUMERO_FAIXA, CODIGO_MUSICA )
 VALUES ( 5, 10, 64 );
INSERT INTO FAIXA (CODIGO_CD, NUMERO_FAIXA, CODIGO_MUSICA )
 VALUES ( 5, 11, 65 );
INSERT INTO FAIXA (CODIGO_CD, NUMERO_FAIXA, CODIGO_MUSICA )
 VALUES ( 5, 12, 66 );
INSERT INTO FAIXA (CODIGO_CD, NUMERO_FAIXA, CODIGO_MUSICA )
 VALUES ( 5, 13, 67 );
# BARRY MANILOW
INSERT INTO FAIXA (CODIGO_CD, NUMERO_FAIXA, CODIGO_MUSICA )
 VALUES ( 6, 1, 68 );
INSERT INTO FAIXA (CODIGO_CD, NUMERO_FAIXA, CODIGO_MUSICA )
 VALUES ( 6, 2, 69 );
INSERT INTO FAIXA (CODIGO_CD, NUMERO_FAIXA, CODIGO_MUSICA )
 VALUES ( 6, 3, 70 );
INSERT INTO FAIXA (CODIGO_CD, NUMERO_FAIXA, CODIGO_MUSICA )
 VALUES ( 6, 4, 71 );
INSERT INTO FAIXA (CODIGO_CD, NUMERO_FAIXA, CODIGO_MUSICA )
 VALUES ( 6, 5, 72 );
INSERT INTO FAIXA (CODIGO_CD, NUMERO_FAIXA, CODIGO_MUSICA )
 VALUES ( 6, 6, 73 );
INSERT INTO FAIXA (CODIGO_CD, NUMERO_FAIXA, CODIGO_MUSICA )
 VALUES ( 6, 7, 74 );
INSERT INTO FAIXA (CODIGO_CD, NUMERO_FAIXA, CODIGO_MUSICA )
 VALUES ( 6, 8 ,75 );
INSERT INTO FAIXA (CODIGO_CD, NUMERO_FAIXA, CODIGO_MUSICA )
 VALUES ( 6, 9, 76 );
INSERT INTO FAIXA (CODIGO_CD, NUMERO_FAIXA, CODIGO_MUSICA )
 VALUES ( 6, 10, 77 );
# LISTEN WITHOUT PREJUDICE
INSERT INTO FAIXA (CODIGO_CD, NUMERO_FAIXA, CODIGO_MUSICA )
 VALUES ( 7, 1, 78 );
INSERT INTO FAIXA (CODIGO_CD, NUMERO_FAIXA, CODIGO_MUSICA )
 VALUES ( 7, 2, 79 );
INSERT INTO FAIXA (CODIGO_CD, NUMERO_FAIXA, CODIGO_MUSICA )
 VALUES ( 7, 3, 80 );
INSERT INTO FAIXA (CODIGO_CD, NUMERO_FAIXA, CODIGO_MUSICA )
 VALUES ( 7, 4, 81 );
INSERT INTO FAIXA (CODIGO_CD, NUMERO_FAIXA, CODIGO_MUSICA )
 VALUES ( 7, 5, 82 );
INSERT INTO FAIXA (CODIGO_CD, NUMERO_FAIXA, CODIGO_MUSICA )
 VALUES ( 7, 6, 83 );
INSERT INTO FAIXA (CODIGO_CD, NUMERO_FAIXA, CODIGO_MUSICA )
 VALUES ( 7, 7, 84 );
INSERT INTO FAIXA (CODIGO_CD, NUMERO_FAIXA, CODIGO_MUSICA )
 VALUES ( 7, 8 ,85 );
INSERT INTO FAIXA (CODIGO_CD, NUMERO_FAIXA, CODIGO_MUSICA )
 VALUES ( 7, 9, 86 );
INSERT INTO FAIXA (CODIGO_CD, NUMERO_FAIXA, CODIGO_MUSICA )
 VALUES ( 7, 10, 87 );
INSERT INTO FAIXA (CODIGO_CD, NUMERO_FAIXA, CODIGO_MUSICA )
 VALUES ( 7, 11, 88 );

# TABELA MUSICA_AUTOR
INSERT INTO MUSICA_AUTOR (CODIGO_MUSICA, CODIGO_AUTOR )
 VALUES ( 1, 1 );
INSERT INTO MUSICA_AUTOR (CODIGO_MUSICA, CODIGO_AUTOR )
 VALUES ( 2, 5 );
INSERT INTO MUSICA_AUTOR (CODIGO_MUSICA, CODIGO_AUTOR )
 VALUES ( 2, 6 );
INSERT INTO MUSICA_AUTOR (CODIGO_MUSICA, CODIGO_AUTOR )
 VALUES ( 3, 4 );
INSERT INTO MUSICA_AUTOR (CODIGO_MUSICA, CODIGO_AUTOR )
 VALUES ( 3, 5 );
INSERT INTO MUSICA_AUTOR (CODIGO_MUSICA, CODIGO_AUTOR )
 VALUES ( 3, 1 );
INSERT INTO MUSICA_AUTOR (CODIGO_MUSICA, CODIGO_AUTOR )
 VALUES ( 4, 1 );
INSERT INTO MUSICA_AUTOR (CODIGO_MUSICA, CODIGO_AUTOR )
 VALUES ( 4, 4 );
INSERT INTO MUSICA_AUTOR (CODIGO_MUSICA, CODIGO_AUTOR )
 VALUES ( 5, 1 );
INSERT INTO MUSICA_AUTOR (CODIGO_MUSICA, CODIGO_AUTOR )
 VALUES ( 6, 1 );
INSERT INTO MUSICA_AUTOR (CODIGO_MUSICA, CODIGO_AUTOR )
 VALUES ( 7, 1 );
INSERT INTO MUSICA_AUTOR (CODIGO_MUSICA, CODIGO_AUTOR )
 VALUES ( 8, 1 );
INSERT INTO MUSICA_AUTOR (CODIGO_MUSICA, CODIGO_AUTOR )
 VALUES ( 9, 1 );
INSERT INTO MUSICA_AUTOR (CODIGO_MUSICA, CODIGO_AUTOR )
 VALUES ( 9, 4 );
INSERT INTO MUSICA_AUTOR (CODIGO_MUSICA, CODIGO_AUTOR )
 VALUES ( 9, 5 );
INSERT INTO MUSICA_AUTOR (CODIGO_MUSICA, CODIGO_AUTOR )
 VALUES ( 10, 1 );
INSERT INTO MUSICA_AUTOR (CODIGO_MUSICA, CODIGO_AUTOR )
 VALUES ( 10, 4 );
INSERT INTO MUSICA_AUTOR (CODIGO_MUSICA, CODIGO_AUTOR )
 VALUES ( 10, 5 );
INSERT INTO MUSICA_AUTOR (CODIGO_MUSICA, CODIGO_AUTOR )
 VALUES ( 11, 1 );
INSERT INTO MUSICA_AUTOR (CODIGO_MUSICA, CODIGO_AUTOR )
 VALUES ( 11, 4 );
INSERT INTO MUSICA_AUTOR (CODIGO_MUSICA, CODIGO_AUTOR )
 VALUES ( 11, 5 );
INSERT INTO MUSICA_AUTOR (CODIGO_MUSICA, CODIGO_AUTOR )
 VALUES ( 12, 1 );
INSERT INTO MUSICA_AUTOR (CODIGO_MUSICA, CODIGO_AUTOR )
 VALUES ( 12, 4 );
INSERT INTO MUSICA_AUTOR (CODIGO_MUSICA, CODIGO_AUTOR )
 VALUES ( 12, 5 );
INSERT INTO MUSICA_AUTOR (CODIGO_MUSICA, CODIGO_AUTOR )
 VALUES ( 13, 1 );
INSERT INTO MUSICA_AUTOR (CODIGO_MUSICA, CODIGO_AUTOR )
 VALUES ( 13, 4 );
INSERT INTO MUSICA_AUTOR (CODIGO_MUSICA, CODIGO_AUTOR )
 VALUES ( 13, 5 );
INSERT INTO MUSICA_AUTOR (CODIGO_MUSICA, CODIGO_AUTOR )
 VALUES ( 14, 1 );
INSERT INTO MUSICA_AUTOR (CODIGO_MUSICA, CODIGO_AUTOR )
 VALUES ( 14, 4 );
INSERT INTO MUSICA_AUTOR (CODIGO_MUSICA, CODIGO_AUTOR )
 VALUES ( 14, 5 );
INSERT INTO MUSICA_AUTOR (CODIGO_MUSICA, CODIGO_AUTOR )
 VALUES ( 15, 1 );
INSERT INTO MUSICA_AUTOR (CODIGO_MUSICA, CODIGO_AUTOR )
 VALUES ( 15, 4 );
INSERT INTO MUSICA_AUTOR (CODIGO_MUSICA, CODIGO_AUTOR )
 VALUES ( 15, 5 );
INSERT INTO MUSICA_AUTOR (CODIGO_MUSICA, CODIGO_AUTOR )
 VALUES ( 16, 1 );
INSERT INTO MUSICA_AUTOR (CODIGO_MUSICA, CODIGO_AUTOR )
 VALUES ( 16, 4 );
INSERT INTO MUSICA_AUTOR (CODIGO_MUSICA, CODIGO_AUTOR )
 VALUES ( 16, 5 );
INSERT INTO MUSICA_AUTOR (CODIGO_MUSICA, CODIGO_AUTOR )
 VALUES ( 17, 2 );
INSERT INTO MUSICA_AUTOR (CODIGO_MUSICA, CODIGO_AUTOR )
 VALUES ( 17, 3 );
INSERT INTO MUSICA_AUTOR (CODIGO_MUSICA, CODIGO_AUTOR )
 VALUES ( 18, 2 );
INSERT INTO MUSICA_AUTOR (CODIGO_MUSICA, CODIGO_AUTOR )
 VALUES ( 18, 3 );
INSERT INTO MUSICA_AUTOR (CODIGO_MUSICA, CODIGO_AUTOR )
 VALUES ( 19, 2 );
INSERT INTO MUSICA_AUTOR (CODIGO_MUSICA, CODIGO_AUTOR )
 VALUES ( 19, 3 );
INSERT INTO MUSICA_AUTOR (CODIGO_MUSICA, CODIGO_AUTOR )
 VALUES ( 20, 2 );
INSERT INTO MUSICA_AUTOR (CODIGO_MUSICA, CODIGO_AUTOR )
 VALUES ( 20, 3 );
INSERT INTO MUSICA_AUTOR (CODIGO_MUSICA, CODIGO_AUTOR )
 VALUES ( 21, 2 );
INSERT INTO MUSICA_AUTOR (CODIGO_MUSICA, CODIGO_AUTOR )
 VALUES ( 21, 3 );
INSERT INTO MUSICA_AUTOR (CODIGO_MUSICA, CODIGO_AUTOR )
 VALUES ( 22, 2 );
INSERT INTO MUSICA_AUTOR (CODIGO_MUSICA, CODIGO_AUTOR )
 VALUES ( 22, 3 );
INSERT INTO MUSICA_AUTOR (CODIGO_MUSICA, CODIGO_AUTOR )
 VALUES ( 22, 7 );
INSERT INTO MUSICA_AUTOR (CODIGO_MUSICA, CODIGO_AUTOR )
 VALUES ( 23, 3 );
INSERT INTO MUSICA_AUTOR (CODIGO_MUSICA, CODIGO_AUTOR )
 VALUES ( 24, 2 );
INSERT INTO MUSICA_AUTOR (CODIGO_MUSICA, CODIGO_AUTOR )
 VALUES ( 24, 3 );
INSERT INTO MUSICA_AUTOR (CODIGO_MUSICA, CODIGO_AUTOR )
 VALUES ( 25, 2 );
INSERT INTO MUSICA_AUTOR (CODIGO_MUSICA, CODIGO_AUTOR )
 VALUES ( 26, 2 );
INSERT INTO MUSICA_AUTOR (CODIGO_MUSICA, CODIGO_AUTOR )
 VALUES ( 26, 3 );
INSERT INTO MUSICA_AUTOR (CODIGO_MUSICA, CODIGO_AUTOR )
 VALUES ( 27, 3 );
INSERT INTO MUSICA_AUTOR (CODIGO_MUSICA, CODIGO_AUTOR )
 VALUES ( 28, 2 );
INSERT INTO MUSICA_AUTOR (CODIGO_MUSICA, CODIGO_AUTOR )
 VALUES ( 28, 3 );
INSERT INTO MUSICA_AUTOR (CODIGO_MUSICA, CODIGO_AUTOR )
 VALUES ( 29, 2 );
INSERT INTO MUSICA_AUTOR (CODIGO_MUSICA, CODIGO_AUTOR )
 VALUES ( 29, 3 );
INSERT INTO MUSICA_AUTOR (CODIGO_MUSICA, CODIGO_AUTOR )
 VALUES ( 30, 3 );
# ESSA MULHER
INSERT INTO MUSICA_AUTOR (CODIGO_MUSICA, CODIGO_AUTOR )
 VALUES ( 31, 8 );
INSERT INTO MUSICA_AUTOR (CODIGO_MUSICA, CODIGO_AUTOR )
 VALUES ( 31, 9 );
INSERT INTO MUSICA_AUTOR (CODIGO_MUSICA, CODIGO_AUTOR )
 VALUES ( 32, 10 );
INSERT INTO MUSICA_AUTOR (CODIGO_MUSICA, CODIGO_AUTOR )
 VALUES ( 32, 11 );
INSERT INTO MUSICA_AUTOR (CODIGO_MUSICA, CODIGO_AUTOR )
 VALUES ( 33, 12 );
INSERT INTO MUSICA_AUTOR (CODIGO_MUSICA, CODIGO_AUTOR )
 VALUES ( 33, 13 );
INSERT INTO MUSICA_AUTOR (CODIGO_MUSICA, CODIGO_AUTOR )
 VALUES ( 34, 14 );
INSERT INTO MUSICA_AUTOR (CODIGO_MUSICA, CODIGO_AUTOR )
 VALUES ( 35, 10 );
INSERT INTO MUSICA_AUTOR (CODIGO_MUSICA, CODIGO_AUTOR )
 VALUES ( 35, 11 );
INSERT INTO MUSICA_AUTOR (CODIGO_MUSICA, CODIGO_AUTOR )
 VALUES ( 35, 15 );
INSERT INTO MUSICA_AUTOR (CODIGO_MUSICA, CODIGO_AUTOR )
 VALUES ( 36, 16 );
INSERT INTO MUSICA_AUTOR (CODIGO_MUSICA, CODIGO_AUTOR )
 VALUES ( 36, 9 );
INSERT INTO MUSICA_AUTOR (CODIGO_MUSICA, CODIGO_AUTOR )
 VALUES ( 37, 17 );
INSERT INTO MUSICA_AUTOR (CODIGO_MUSICA, CODIGO_AUTOR )
 VALUES ( 37, 11 );
INSERT INTO MUSICA_AUTOR (CODIGO_MUSICA, CODIGO_AUTOR )
 VALUES ( 38, 18 );
INSERT INTO MUSICA_AUTOR (CODIGO_MUSICA, CODIGO_AUTOR )
 VALUES ( 38, 9 );
INSERT INTO MUSICA_AUTOR (CODIGO_MUSICA, CODIGO_AUTOR )
 VALUES ( 39, 19 );
INSERT INTO MUSICA_AUTOR (CODIGO_MUSICA, CODIGO_AUTOR )
 VALUES ( 39, 13 );
INSERT INTO MUSICA_AUTOR (CODIGO_MUSICA, CODIGO_AUTOR )
 VALUES ( 40, 20 );
INSERT INTO MUSICA_AUTOR (CODIGO_MUSICA, CODIGO_AUTOR )
 VALUES ( 40, 21 );
# A FORÇA QUE NUNCA SECA
INSERT INTO MUSICA_AUTOR (CODIGO_MUSICA, CODIGO_AUTOR )
 VALUES ( 41, 25 );
INSERT INTO MUSICA_AUTOR (CODIGO_MUSICA, CODIGO_AUTOR )
 VALUES ( 44, 26 );
INSERT INTO MUSICA_AUTOR (CODIGO_MUSICA, CODIGO_AUTOR )
 VALUES ( 45, 27 );
INSERT INTO MUSICA_AUTOR (CODIGO_MUSICA, CODIGO_AUTOR )
 VALUES ( 45, 28 );
INSERT INTO MUSICA_AUTOR (CODIGO_MUSICA, CODIGO_AUTOR )
 VALUES ( 46, 29 );
INSERT INTO MUSICA_AUTOR (CODIGO_MUSICA, CODIGO_AUTOR )
 VALUES ( 47, 30 );
INSERT INTO MUSICA_AUTOR (CODIGO_MUSICA, CODIGO_AUTOR )
 VALUES ( 47, 31 );
INSERT INTO MUSICA_AUTOR (CODIGO_MUSICA, CODIGO_AUTOR )
 VALUES ( 48, 32 );
INSERT INTO MUSICA_AUTOR (CODIGO_MUSICA, CODIGO_AUTOR )
 VALUES ( 49, 33 );
INSERT INTO MUSICA_AUTOR (CODIGO_MUSICA, CODIGO_AUTOR )
 VALUES ( 50, 35 );
INSERT INTO MUSICA_AUTOR (CODIGO_MUSICA, CODIGO_AUTOR )
 VALUES ( 50, 36 );
INSERT INTO MUSICA_AUTOR (CODIGO_MUSICA, CODIGO_AUTOR )
 VALUES ( 51, 37 );
INSERT INTO MUSICA_AUTOR (CODIGO_MUSICA, CODIGO_AUTOR )
 VALUES ( 51, 38 );
INSERT INTO MUSICA_AUTOR (CODIGO_MUSICA, CODIGO_AUTOR )
 VALUES ( 52, 39 );
INSERT INTO MUSICA_AUTOR (CODIGO_MUSICA, CODIGO_AUTOR )
 VALUES ( 53, 40 );
INSERT INTO MUSICA_AUTOR (CODIGO_MUSICA, CODIGO_AUTOR )
 VALUES ( 53, 41 );
INSERT INTO MUSICA_AUTOR (CODIGO_MUSICA, CODIGO_AUTOR )
 VALUES ( 54, 30 );
INSERT INTO MUSICA_AUTOR (CODIGO_MUSICA, CODIGO_AUTOR )
 VALUES ( 54, 42 );
# DEVOLVA-ME
INSERT INTO MUSICA_AUTOR (CODIGO_MUSICA, CODIGO_AUTOR )
 VALUES ( 55, 43 );
INSERT INTO MUSICA_AUTOR (CODIGO_MUSICA, CODIGO_AUTOR )
 VALUES ( 55, 44 );
INSERT INTO MUSICA_AUTOR (CODIGO_MUSICA, CODIGO_AUTOR )
 VALUES ( 56, 45 );
INSERT INTO MUSICA_AUTOR (CODIGO_MUSICA, CODIGO_AUTOR )
 VALUES ( 56, 46 );
INSERT INTO MUSICA_AUTOR (CODIGO_MUSICA, CODIGO_AUTOR )
 VALUES ( 56, 47 );
INSERT INTO MUSICA_AUTOR (CODIGO_MUSICA, CODIGO_AUTOR )
 VALUES ( 57, 48 );
INSERT INTO MUSICA_AUTOR (CODIGO_MUSICA, CODIGO_AUTOR )
 VALUES ( 57, 49 );
INSERT INTO MUSICA_AUTOR (CODIGO_MUSICA, CODIGO_AUTOR )
 VALUES ( 58, 48 );
INSERT INTO MUSICA_AUTOR (CODIGO_MUSICA, CODIGO_AUTOR )
 VALUES ( 59, 48 );
INSERT INTO MUSICA_AUTOR (CODIGO_MUSICA, CODIGO_AUTOR )
 VALUES ( 60, 48 );
INSERT INTO MUSICA_AUTOR (CODIGO_MUSICA, CODIGO_AUTOR )
 VALUES ( 61, 48 );
INSERT INTO MUSICA_AUTOR (CODIGO_MUSICA, CODIGO_AUTOR )
 VALUES ( 62, 37 );
INSERT INTO MUSICA_AUTOR (CODIGO_MUSICA, CODIGO_AUTOR )
 VALUES ( 63, 50 );
INSERT INTO MUSICA_AUTOR (CODIGO_MUSICA, CODIGO_AUTOR )
 VALUES ( 63, 49 );
INSERT INTO MUSICA_AUTOR (CODIGO_MUSICA, CODIGO_AUTOR )
 VALUES ( 64, 48 );
INSERT INTO MUSICA_AUTOR (CODIGO_MUSICA, CODIGO_AUTOR )
 VALUES ( 65, 48 );
INSERT INTO MUSICA_AUTOR (CODIGO_MUSICA, CODIGO_AUTOR )
 VALUES ( 66, 51 );
INSERT INTO MUSICA_AUTOR (CODIGO_MUSICA, CODIGO_AUTOR )
 VALUES ( 67, 52 );
INSERT INTO MUSICA_AUTOR (CODIGO_MUSICA, CODIGO_AUTOR )
 VALUES ( 67, 53 );
INSERT INTO MUSICA_AUTOR (CODIGO_MUSICA, CODIGO_AUTOR )
 VALUES ( 67, 32 );
# BARRY MANILOW
INSERT INTO MUSICA_AUTOR (CODIGO_MUSICA, CODIGO_AUTOR )
 VALUES ( 68, 55 );
INSERT INTO MUSICA_AUTOR (CODIGO_MUSICA, CODIGO_AUTOR )
 VALUES ( 69, 54 );
INSERT INTO MUSICA_AUTOR (CODIGO_MUSICA, CODIGO_AUTOR )
 VALUES ( 70, 55 );
INSERT INTO MUSICA_AUTOR (CODIGO_MUSICA, CODIGO_AUTOR )
 VALUES ( 71, 54 );
INSERT INTO MUSICA_AUTOR (CODIGO_MUSICA, CODIGO_AUTOR )
 VALUES ( 72, 56 );
INSERT INTO MUSICA_AUTOR (CODIGO_MUSICA, CODIGO_AUTOR )
 VALUES ( 73, 54 );
INSERT INTO MUSICA_AUTOR (CODIGO_MUSICA, CODIGO_AUTOR )
 VALUES ( 74, 54 );
INSERT INTO MUSICA_AUTOR (CODIGO_MUSICA, CODIGO_AUTOR )
 VALUES ( 75, 54 );
INSERT INTO MUSICA_AUTOR (CODIGO_MUSICA, CODIGO_AUTOR )
 VALUES ( 76, 57 );
INSERT INTO MUSICA_AUTOR (CODIGO_MUSICA, CODIGO_AUTOR )
 VALUES ( 77, 54 );
# LISTEN WITHOUT PREJUDICE
INSERT INTO MUSICA_AUTOR (CODIGO_MUSICA, CODIGO_AUTOR )
 VALUES ( 78, 58 );
INSERT INTO MUSICA_AUTOR (CODIGO_MUSICA, CODIGO_AUTOR )
 VALUES ( 79, 58 );
INSERT INTO MUSICA_AUTOR (CODIGO_MUSICA, CODIGO_AUTOR )
 VALUES ( 80, 59 );
INSERT INTO MUSICA_AUTOR (CODIGO_MUSICA, CODIGO_AUTOR )
 VALUES ( 81, 58 );
INSERT INTO MUSICA_AUTOR (CODIGO_MUSICA, CODIGO_AUTOR )
 VALUES ( 82, 58 );
INSERT INTO MUSICA_AUTOR (CODIGO_MUSICA, CODIGO_AUTOR )
 VALUES ( 83, 60 );
INSERT INTO MUSICA_AUTOR (CODIGO_MUSICA, CODIGO_AUTOR )
 VALUES ( 84, 58 );
INSERT INTO MUSICA_AUTOR (CODIGO_MUSICA, CODIGO_AUTOR )
 VALUES ( 85, 58 );
INSERT INTO MUSICA_AUTOR (CODIGO_MUSICA, CODIGO_AUTOR )
 VALUES ( 86, 58 );
INSERT INTO MUSICA_AUTOR (CODIGO_MUSICA, CODIGO_AUTOR )
 VALUES ( 87, 58 );
INSERT INTO MUSICA_AUTOR (CODIGO_MUSICA, CODIGO_AUTOR )
 VALUES ( 88, 58 );
# TABELA CD_CATEGORIA
INSERT INTO CD_CATEGORIA (CODIGO_CATEGORIA, MENOR_PRECO, MAIOR_PRECO, CODIGO_CD)
 VALUES ( 1, 5, 10,1);
INSERT INTO CD_CATEGORIA (CODIGO_CATEGORIA, MENOR_PRECO, MAIOR_PRECO, CODIGO_CD)
 VALUES ( 2, 10.01, 12,2);
INSERT INTO CD_CATEGORIA (CODIGO_CATEGORIA, MENOR_PRECO, MAIOR_PRECO, CODIGO_CD)
 VALUES ( 3, 12.01, 15,3);
INSERT INTO CD_CATEGORIA (CODIGO_CATEGORIA, MENOR_PRECO, MAIOR_PRECO, CODIGO_CD)
 VALUES ( 4, 15.01, 20,4);
